,PASSION,Max_Similarity_Column
0,cokter,Doctor
1,dentiists,Dentist
2,Enginir,Engineer
3,PoLICE,Police
4,engneiear,Engineer
5,DOcTRO,Doctor
6,dentists,Dentist
7,POLICE,Police
8,enjeineaar,Engineer
9,DENTISTT,Dentist
10,nusye,Nurse
11,tEaCHEr,Teacher
12,docktor,Doctor
13,nusre,Nurse
14,architeft,Architect
15,tEACHEr,Teacher
16,engeineer,Engineer
17,dentists,Dentist
18,POLicE,Police
19,ENJINEER,Engineer
20,engeniiar,Engineer
21,enginear,Engineer
22,accounTAnT,Accountant
23,TEacher,Teacher
24,POLIcE,Police
25,denstists,Dentist
26,pharmaccist,Pharmacist
27,doktur,Doctor
28,POlICE,Police
29,DEIST,Dentist
30,doctuor,Doctor
31,dentists,Dentist
32,doktoor,Doctor
33,DENISST,Dentist
34,doctore,Doctor
35,lAWYREE,Lawyer
36,denttst,Dentist
37,dactar,Pharmacist
38,DOCTUER,Doctor
39,tEacHER,Teacher
40,TeaCHeR,Teacher
41,doktr,Doctor
42,doctar,Doctor
43,poLIcE,Police
44,TEaCHer,Teacher
45,enjinear,Engineer
46,TeaCHer,Teacher
47,enjneear,Engineer
48,TEACher,Teacher
49,ARCHITEKCT,Architect
50,engineer,Engineer
51,PHARMASICT,Pharmacist
52,PoLICE,Police
53,enjeneer,Engineer
54,denist,Dentist
55,nusrqe,Nurse
56,acCOUNTANT,Accountant
57,DENTSISTS,Dentist
58,tEACHer,Teacher
59,POLiCE,Police
60,doctara,Accountant
61,arkhitect,Architect
62,enjeeneear,Engineer
63,archatekt,Architect
64,dactur,Architect
65,LAWYER,Lawyer
66,Enginnir,Engineer
67,DENSTIST,Dentist
68,tEaCHER,Teacher
69,enjeeneer,Engineer
70,enjineeer,Engineer
71,poLIcE,Police
72,tEACHeR,Teacher
73,architet,Architect
74,LAWYR,Lawyer
75,enjeenir,Engineer
76,accOUNtANT,Accountant
77,TEACHer,Teacher
78,Engenier,Engineer
79,PoLICE,Police
80,engieear,Engineer
81,PoLICE,Police
82,TEAcHeR,Teacher
83,polICe,Police
84,enjeineer,Engineer
85,teachER,Teacher
86,Engunir,Engineer
87,nusxe,Nurse
88,arkhitect,Architect
89,enjeenirr,Engineer
90,engeeneaar,Engineer
91,PoliCe,Police
92,poLIcE,Police
93,DOKATAR,Doctor
94,laWYER,Lawyer
95,docktor,Doctor
96,TEaCHeR,Teacher
97,LAWYEE,Lawyer
98,teAcheR,Teacher
99,POLiCE,Police
100,nuspe,Nurse
101,dentisst,Dentist
102,enganeer,Engineer
103,dentizt,Dentist
104,engeneir,Engineer
105,POlICe,Police
106,lawYer,Lawyer
107,pOlICE,Police
108,lAWYE,Lawyer
109,DOCTER,Doctor
110,doctour,Doctor
111,doktoor,Doctor
112,POLiCe,Police
113,DENITIST,Dentist
114,dokctur,Doctor
115,dentists,Dentist
116,DOKATER,Doctor
117,DOCTUOR,Doctor
118,enjineer,Engineer
119,POliCE,Police
120,DOCTAR,Doctor
121,enjinear,Engineer
122,DNTITST,Dentist
123,lawyer,Lawyer
124,POLicE,Police
125,docters,Doctor
126,arkhitect,Architect
127,TEacheR,Teacher
128,engniear,Engineer
129,DocTRo,Doctor
130,laWyer,Lawyer
131,dntist,Dentist
132,accoUNtANt,Accountant
133,DACTOR,Doctor
134,lawYER,Lawyer
135,enjineearr,Engineer
136,PoLICE,Police
137,Engnnir,Engineer
138,engieearr,Engineer
139,Enginnear,Engineer
140,Enguniear,Engineer
141,ACcouNTANT,Accountant
142,tEAchEr,Teacher
143,enginir,Engineer
144,DOKTOER,Doctor
145,PoLIcE,Police
146,enjeenerr,Engineer
147,enganeer,Engineer
148,denitss,Dentist
149,TeACHer,Teacher
150,pOLICe,Police
151,nurxe,Nurse
152,enjeer,Engineer
153,tEaCHEr,Teacher
154,engonir,Engineer
155,pOlICE,Police
156,LawYER,Lawyer
157,DENTSTS,Dentist
158,dentitst,Dentist
159,TEACHER,Teacher
160,deist,Dentist
161,Enginer,Engineer
162,enjinear,Engineer
163,teacHeR,Teacher
164,poliCe,Police
165,POLiCE,Police
166,PoLIcE,Police
167,ACCOuntANT,Accountant
168,tEacHer,Teacher
169,POLIcE,Police
170,engeneaar,Engineer
171,Enginneer,Engineer
172,DOCHTOR,Doctor
173,DOKETUR,Doctor
174,arkitect,Architect
175,lAWYer,Lawyer
176,engienir,Engineer
177,ACCOuNTANT,Accountant
178,doKcTaR,Doctor
179,enjeeneaar,Engineer
180,polICe,Police
181,PHARAMCIST,Pharmacist
182,enjineer,Engineer
183,poLIcE,Police
184,DOCTIR,Doctor
185,laWYEr,Lawyer
186,DACTER,Teacher
187,TEaCHEr,Teacher
188,LAWYr,Lawyer
189,PoliCE,Police
190,coctor,Doctor
191,TEacheR,Teacher
192,teAcHEr,Teacher
193,dentists,Dentist
194,ENGINNEER,Engineer
195,TeaCheR,Teacher
196,TEaCHer,Teacher
197,ARCHITET,Architect
198,DOCTIR,Doctor
199,PHAMRACIST,Pharmacist
200,PoLiCE,Police
201,architeck,Architect
202,POLiCE,Police
203,daKtIr,Pharmacist
204,TeaCHEr,Teacher
205,Engieneear,Engineer
206,denitist,Dentist
207,TEAcHeR,Teacher
208,DOKCUTOR,Doctor
209,dentissts,Dentist
210,DOCTER,Doctor
211,nurxe,Nurse
212,lAWYRE,Lawyer
213,TEAcHER,Teacher
214,LAwyeR,Lawyer
215,TEaCHEr,Teacher
216,teacHEr,Teacher
217,enginnear,Engineer
218,teacheR,Teacher
219,TEACHer,Teacher
220,doketur,Doctor
221,enjineear,Engineer
222,PoLICe,Police
223,lAWYR,Lawyer
224,lAWYRE,Lawyer
225,pharamacists,Pharmacist
226,doktaar,Doctor
227,enjineeer,Engineer
228,TEaCHER,Teacher
229,LAWYer,Lawyer
230,DOCTUR,Doctor
231,PoLICE,Police
232,enjinearr,Engineer
233,ENGINNEER,Engineer
234,Enginir,Engineer
235,nurxe,Nurse
236,POLICe,Police
237,nurce,Nurse
238,lAWYre,Lawyer
239,denttist,Dentist
240,LAWyer,Lawyer
241,pharcmacist,Pharmacist
242,LAwyeR,Lawyer
243,lAwYE,Lawyer
244,laWYer,Lawyer
245,ENGINNEER,Engineer
246,ENGINNEER,Engineer
247,Enjinear,Engineer
248,nusze,Nurse
249,Enganear,Engineer
250,TEacHeR,Teacher
251,lAWYER,Lawyer
252,archatect,Architect
253,acCOUNTAnT,Accountant
254,DOcKtor,Doctor
255,tEACHer,Teacher
256,engineear,Engineer
257,doctar,Doctor
258,engienear,Engineer
259,PoLIcE,Police
260,dentists,Dentist
261,dentists,Dentist
262,DETIST,Dentist
263,architecht,Architect
264,enjneer,Engineer
265,nusve,Nurse
266,enjineear,Engineer
267,Enjeneer,Engineer
268,tEAChER,Teacher
269,polIcE,Police
270,nusxe,Nurse
271,TEACHEr,Teacher
272,ARCHITEKT,Architect
273,laWyeR,Lawyer
274,engeenarr,Engineer
275,engeeneer,Engineer
276,ACCOuntant,Accountant
277,denstist,Dentist
278,pOLiCe,Police
279,Engennar,Engineer
280,dentsist,Dentist
281,tEacHEr,Teacher
282,dantist,Dentist
283,nusre,Nurse
284,dentists,Dentist
285,LAWYER,Lawyer
286,DANTIST,Dentist
287,pOliCE,Police
288,enjinear,Engineer
289,enjineear,Engineer
290,LAwYE,Lawyer
291,tEACHer,Teacher
292,pharmaicst,Pharmacist
293,DOCTIIR,Doctor
294,pharamcist,Pharmacist
295,docta,Doctor
296,arkhiteckt,Architect
297,DENTTIST,Dentist
298,engeneer,Engineer
299,engeenir,Engineer
300,pOLiCE,Police
301,DOkTooR,Doctor
302,DENITST,Dentist
303,Engonear,Engineer
304,engenirr,Engineer
305,teacHER,Teacher
306,POlICE,Police
307,dentists,Dentist
308,DENTISTS,Dentist
309,engeeneer,Engineer
310,POLICe,Police
311,enjienir,Engineer
312,engenear,Engineer
313,archtect,Architect
314,TEACHeR,Teacher
315,Engenear,Engineer
316,nurxe,Nurse
317,DOKTOOR,Doctor
318,DOKTOOR,Doctor
319,poLIcE,Police
320,denitst,Dentist
321,POLicE,Police
322,PHARAMIST,Pharmacist
323,lAWYRE,Lawyer
324,enggineer,Engineer
325,enjinnir,Engineer
326,doctar,Doctor
327,polICE,Police
328,lAWYeR,Lawyer
329,Engninir,Engineer
330,denstist,Dentist
331,ARCHTECT,Architect
332,teAcHEr,Teacher
333,lAWYEr,Lawyer
334,tEaChER,Teacher
335,dentists,Dentist
336,DESTIST,Dentist
337,pOlICE,Police
338,dokteor,Doctor
339,tEACHEr,Teacher
340,engieneerr,Engineer
341,enjenear,Engineer
342,nurxe,Nurse
343,enjeeneer,Engineer
344,dentisst,Dentist
345,enjineer,Engineer
346,pharacists,Pharmacist
347,DOCTOUR,Doctor
348,teacHeR,Teacher
349,enjeinear,Engineer
350,narse,Nurse
351,dentists,Dentist
352,DaKtaR,Pharmacist
353,enginaar,Engineer
354,AccoUNtANT,Accountant
355,pOlIcE,Police
356,Enginnar,Engineer
357,doktar,Doctor
358,ENGINNEER,Engineer
359,TeachEr,Teacher
360,teAcHEr,Teacher
361,TEACHeR,Teacher
362,engeneaar,Engineer
363,denitsist,Dentist
364,TEAcHeR,Teacher
365,aCCOUNTANT,Accountant
366,lAWYr,Lawyer
367,arckitekt,Architect
368,DoCtooR,Doctor
369,TEaCHer,Teacher
370,dentista,Dentist
371,PoLiCe,Police
372,PoLICE,Police
373,docta,Doctor
374,DOCTAR,Doctor
375,TeachER,Teacher
376,POlIcE,Police
377,denists,Dentist
378,teAcheR,Teacher
379,ENGINNEER,Engineer
380,denists,Dentist
381,nusle,Nurse
382,TeaCHEr,Teacher
383,TeAcHER,Teacher
384,poLICE,Police
385,DENITSTS,Dentist
386,dentiss,Dentist
387,DENITS,Dentist
388,ARCHTET,Architect
389,PoLiCE,Police
390,phaemacist,Pharmacist
391,ENGENEER,Engineer
392,ENGINNEER,Engineer
393,PHARAMCISTS,Pharmacist
394,PoLICE,Police
395,DOCTUR,Doctor
396,TeAcheR,Teacher
397,enjnieear,Engineer
398,LAWYEr,Lawyer
399,nurxe,Nurse
400,DOKTUR,Doctor
401,PHARMAICST,Pharmacist
402,Engneear,Engineer
403,enjinearr,Engineer
404,dokatar,Doctor
405,deitist,Dentist
406,dentstist,Dentist
407,tEACHer,Teacher
408,denitits,Dentist
409,ARCHETECT,Teacher
410,DENSIT,Dentist
411,dentsts,Dentist
412,DOCTRO,Doctor
413,Engnieear,Engineer
414,TeaCHER,Teacher
415,pharamist,Pharmacist
416,architackt,Architect
417,phaarmacist,Pharmacist
418,enjinear,Engineer
419,enginerr,Engineer
420,PoliCE,Police
421,doctore,Doctor
422,DOCTUAR,Doctor
423,dentists,Dentist
424,architecct,Architect
425,doketor,Doctor
426,deentist,Dentist
427,architeck,Architect
428,DENISTT,Dentist
429,doctar,Doctor
430,PoliCe,Police
431,enjeinear,Engineer
432,TeACHeR,Teacher
433,TeAchEr,Teacher
434,dentissst,Dentist
435,Engenniir,Engineer
436,ingenire,Engineer
437,TEacheR,Teacher
438,ENGINNEER,Engineer
439,dentists,Dentist
440,ENGENEER,Engineer
441,engieneaar,Engineer
442,DocTeeR,Teacher
443,nurqe,Nurse
444,DETNISTS,Dentist
445,DOCTO,Doctor
446,AccouNTAnT,Accountant
447,DactoR,Doctor
448,DENATIST,Dentist
449,doktaar,Doctor
450,DENSTIS,Dentist
451,TEAchEr,Teacher
452,teACHer,Teacher
453,pharamcist,Pharmacist
454,pOLIcE,Police
455,Enjeneir,Engineer
456,nurxe,Nurse
457,DOKTOR,Doctor
458,lAwYer,Lawyer
459,Engianeer,Engineer
460,dokatar,Doctor
461,teACHeR,Teacher
462,lAWYRE,Lawyer
463,Enginnear,Engineer
464,engieneer,Engineer
465,poLiCE,Police
466,TeaCHEr,Teacher
467,tEACHeR,Teacher
468,engenneer,Engineer
469,doctir,Doctor
470,TEAcHeR,Teacher
471,Enginnier,Engineer
472,enjiniar,Engineer
473,tEACHEr,Teacher
474,engiinaar,Engineer
475,Enginiiar,Engineer
476,denttist,Dentist
477,arkhitekt,Architect
478,poLICE,Police
479,dentstst,Dentist
480,pOlIcE,Police
481,dentitsts,Dentist
482,ARCKITECT,Architect
483,accoUNtANT,Accountant
484,architet,Architect
485,DENTITSS,Dentist
486,nurxe,Nurse
487,DENTITST,Dentist
488,ENGENEER,Engineer
489,engeeneer,Engineer
490,PolICe,Police
491,archtitekt,Architect
492,TEACHER,Teacher
493,engnir,Engineer
494,DOCTURE,Doctor
495,TeaCHeR,Teacher
496,enginere,Engineer
497,DOKTAER,Doctor
498,nusqe,Nurse
499,tEACHer,Teacher
500,nurqe,Nurse
501,enjinnier,Engineer
502,DOKtR,Doctor
503,nurge,Nurse
504,DocTaR,Doctor
505,pOlICE,Police
506,LAwyEr,Lawyer
507,dentits,Dentist
508,Enjinnir,Engineer
509,TeaCheR,Teacher
510,DOKTR,Doctor
511,LAWYRE,Lawyer
512,Engnieer,Engineer
513,teACHEr,Teacher
514,Engeneir,Engineer
515,docter,Doctor
516,lAWYR,Lawyer
517,daktor,Doctor
518,engeinear,Engineer
519,laWYer,Lawyer
520,PoLiCe,Police
521,enjinear,Engineer
522,dentitss,Dentist
523,Enginieer,Engineer
524,denistt,Dentist
525,POLiCE,Police
526,POLiCE,Police
527,nurte,Nurse
528,Enginiar,Engineer
529,PoLIce,Police
530,phramacist,Pharmacist
531,DNTIST,Dentist
532,pharmasict,Pharmacist
533,tEaChEr,Teacher
534,doctore,Doctor
535,DOKTAAR,Doctor
536,laWYE,Lawyer
537,TeaCHEr,Teacher
538,nurxe,Nurse
539,poLiCe,Police
540,denttist,Dentist
541,enginner,Engineer
542,docteer,Teacher
543,PoLICE,Police
544,enjineeer,Engineer
545,DAKTER,Teacher
546,engeenear,Engineer
547,dentisit,Dentist
548,DOCTAR,Doctor
549,docture,Doctor
550,TEACHER,Teacher
551,detist,Dentist
552,enjineaar,Engineer
553,DOKTUR,Doctor
554,DENTITS,Dentist
555,nusre,Nurse
556,dentists,Dentist
557,DENTST,Dentist
558,enjienear,Engineer
559,enjeneear,Engineer
560,arckitekt,Architect
561,TEAcHEr,Teacher
562,POlIcE,Police
563,lAWYer,Lawyer
564,engeeneaar,Engineer
565,acCOUntAnT,Accountant
566,ENGINNEER,Engineer
567,LawyeR,Lawyer
568,Enguneear,Engineer
569,Engineeer,Engineer
570,pOlIcE,Police
571,engeineer,Engineer
572,ARCKITEKT,Architect
573,DACTAR,Pharmacist
574,PHARMACIST,Pharmacist
575,nurze,Nurse
576,DOKETOR,Doctor
577,DaOKtoR,Doctor
578,dentista,Dentist
579,nurxe,Nurse
580,DOCTER,Doctor
581,POlICE,Police
582,TEacHeR,Teacher
583,poLICE,Police
584,engieear,Engineer
585,accounTANt,Accountant
586,teacHEr,Teacher
587,lAWYEr,Lawyer
588,POlICE,Police
589,Lawyer,Lawyer
590,tEACHER,Teacher
591,pOLICE,Police
592,TEaCHER,Teacher
593,densists,Dentist
594,nursa,Nurse
595,doctoor,Doctor
596,denitss,Dentist
597,TEaCHEr,Teacher
598,DENTIT,Dentist
599,doctr,Doctor
600,engeenir,Engineer
601,teacher,Teacher
602,engieer,Engineer
603,enginneer,Engineer
604,pOlICe,Police
605,engieaar,Engineer
606,poLIcE,Police
607,POlICE,Police
608,tEacHer,Teacher
609,engeener,Engineer
610,doctiir,Doctor
611,enjeennir,Engineer
612,doCta,Doctor
613,Engoneer,Engineer
614,denttists,Dentist
615,doctro,Doctor
616,TEacheR,Teacher
617,DOKTAR,Doctor
618,lawyer,Lawyer
619,PoLICE,Police
620,enginirr,Engineer
621,enjneear,Engineer
622,DOCTURE,Doctor
623,doctir,Doctor
624,pOLiCe,Police
625,dentitst,Dentist
626,ENGINNEER,Engineer
627,Enginneear,Engineer
628,accOUNtAnT,Accountant
629,enginier,Engineer
630,enjeineer,Engineer
631,dokcuter,Doctor
632,Engeniar,Engineer
633,phramcist,Pharmacist
634,denstis,Dentist
635,POLICE,Police
636,TEAcHEr,Teacher
637,enginee,Engineer
638,lAWyer,Lawyer
639,lAwyer,Lawyer
640,poliCe,Police
641,dacter,Teacher
642,POlice,Police
643,ingenir,Engineer
644,arkhiteckt,Architect
645,dentists,Dentist
646,nurrse,Nurse
647,ACCounTANt,Accountant
648,engeinirr,Engineer
649,PHARCMACIST,Pharmacist
650,lawyER,Lawyer
651,dokater,Doctor
652,Enganeer,Engineer
653,enginneer,Engineer
654,dentists,Dentist
655,engiineer,Engineer
656,daqtor,Doctor
657,enjeinir,Engineer
658,nurze,Nurse
659,poLIcE,Police
660,lAWYRE,Lawyer
661,poLiCE,Police
662,dactar,Pharmacist
663,DENTISS,Dentist
664,Engieer,Engineer
665,enjeneer,Engineer
666,PHAARMACIST,Pharmacist
667,TEAcHEr,Teacher
668,nuske,Nurse
669,tEacheR,Teacher
670,teAchEr,Teacher
671,dentitist,Dentist
672,DOCTERS,Doctor
673,enjeinear,Engineer
674,engeenir,Engineer
675,PoliCE,Police
676,DOCTAOR,Doctor
677,dentt,Dentist
678,DAKTIR,Pharmacist
679,archatekt,Architect
680,nuswe,Nurse
681,dOKatAR,Doctor
682,lAWY,Lawyer
683,lAWyER,Lawyer
684,enjeenir,Engineer
685,DEENTIST,Dentist
686,deintist,Dentist
687,TeachEr,Teacher
688,engeeneaar,Engineer
689,Enginere,Engineer
690,nurxe,Nurse
691,Engonir,Engineer
692,teacheR,Teacher
693,pOLICE,Police
694,TeachER,Teacher
695,DAQTOR,Doctor
696,LAWYRe,Lawyer
697,ENGINNEER,Engineer
698,architekct,Architect
699,DOCTEOR,Doctor
700,poLICE,Police
701,dentists,Dentist
702,LaWYer,Lawyer
703,nulse,Nurse
704,enginneer,Engineer
705,DOKCOTOR,Doctor
706,engneer,Engineer
707,dentsit,Dentist
708,enjeenear,Engineer
709,ENGINNEER,Engineer
710,engneer,Engineer
711,dokCotOR,Doctor
712,pOLICe,Police
713,pOlIcE,Police
714,nues,Nurse
715,poliCE,Police
716,DENITST,Dentist
717,ARCHATEKT,Architect
718,daktar,Pharmacist
719,ACCOUNTaNt,Accountant
720,pharimcist,Pharmacist
721,arckitect,Architect
722,laWYEr,Lawyer
723,denistts,Dentist
724,dochtor,Doctor
725,pharmasist,Pharmacist
726,enjinear,Engineer
727,dACTaR,Pharmacist
728,tEaChEr,Teacher
729,TEAcHEr,Teacher
730,DoKeTor,Doctor
731,doktur,Doctor
732,DOCKTOR,Doctor
733,enjneer,Engineer
734,detnist,Dentist
735,ARCHITET,Architect
736,ENGINNEER,Engineer
737,TeaChER,Teacher
738,engeinear,Engineer
739,DENTISTA,Dentist
740,nyrse,Nurse
741,nurxe,Nurse
742,nurxe,Nurse
743,PHAEMACIST,Pharmacist
744,tEacHeR,Teacher
745,dentits,Dentist
746,Enjenir,Engineer
747,DOCTORR,Doctor
748,daCTiR,Architect
749,DENTSIT,Dentist
750,DOCTIR,Doctor
751,dentistt,Dentist
752,nurxe,Nurse
753,PHARMAICIST,Pharmacist
754,nurce,Nurse
755,TEACHer,Teacher
756,DENTISST,Dentist
757,LawYer,Lawyer
758,DENTT,Dentist
759,POLicE,Police
760,POLicE,Police
761,DAKTOR,Doctor
762,engiinear,Engineer
763,laWYER,Lawyer
764,LAWYer,Lawyer
765,enjineer,Engineer
766,docto,Doctor
767,doCTe,Doctor
768,architekt,Architect
769,lAWYer,Lawyer
770,Enjeneear,Engineer
771,LAWYer,Lawyer
772,ACCOUNTANT,Accountant
773,polICe,Police
774,pOLICE,Police
775,nuersee,Nurse
776,ENGINNEER,Engineer
777,engineeir,Engineer
778,TEAcher,Teacher
779,dentsst,Dentist
780,DENITSS,Dentist
781,Enginneir,Engineer
782,archtect,Architect
783,enginear,Engineer
784,denits,Dentist
785,POLICe,Police
786,pOLIcE,Police
787,ENGINNEER,Engineer
788,Engenner,Engineer
789,dentiss,Dentist
790,enjinear,Engineer
791,engeniir,Engineer
792,DENISTS,Dentist
793,dentissts,Dentist
794,docter,Doctor
795,engeneear,Engineer
796,nurwe,Nurse
797,dokctar,Doctor
798,poLICe,Police
799,engenear,Engineer
800,PolICe,Police
801,engeineaar,Engineer
802,Enguneer,Engineer
803,tEACHEr,Teacher
804,TeaChEr,Teacher
805,DOctIr,Doctor
806,TEAcHEr,Teacher
807,DEDNTIST,Dentist
808,PoLICE,Police
809,denttist,Dentist
810,LAWyeR,Lawyer
811,engeaneer,Engineer
812,enguneer,Engineer
813,DOKTORR,Doctor
814,POlice,Police
815,DOKATAR,Doctor
816,ACCOUNtANt,Accountant
817,tEacheR,Teacher
818,dakter,Teacher
819,tEAcHEr,Teacher
820,dentitst,Dentist
821,doctorr,Doctor
822,denistist,Dentist
823,DENTITS,Dentist
824,TeaChEr,Teacher
825,engeineear,Engineer
826,coctar,Architect
827,tEACHer,Teacher
828,teAcHeR,Teacher
829,dacter,Teacher
830,enjineaar,Engineer
831,nurme,Nurse
832,enjeenear,Engineer
833,doctuer,Doctor
834,teAcHEr,Teacher
835,police,Police
836,nurxe,Nurse
837,enginieer,Engineer
838,enjeinear,Engineer
839,POlIcE,Police
840,tEACHEr,Teacher
841,ARKITECT,Architect
842,engnir,Engineer
843,LAWYREE,Lawyer
844,ARCHITECK,Architect
845,nhrse,Nurse
846,DENTIS,Dentist
847,dntitst,Dentist
848,enginear,Engineer
849,teacHeR,Teacher
850,nurxe,Nurse
851,engeenir,Engineer
852,lAWYEr,Lawyer
853,tEacheR,Teacher
854,DocTuEr,Doctor
855,engenear,Engineer
856,Engniear,Engineer
857,denitst,Dentist
858,Engennear,Engineer
859,pOLiCE,Police
860,POLiCE,Police
861,PoliCE,Police
862,ARCHITECHT,Architect
863,enginiear,Engineer
864,TeAChEr,Teacher
865,tEAcHeR,Teacher
866,teAcher,Teacher
867,nurxe,Nurse
868,DOKTEOR,Doctor
869,archtect,Architect
870,dentists,Dentist
871,teAchER,Teacher
872,doctir,Doctor
873,DENSTIST,Dentist
874,pOLiCE,Police
875,enjeneear,Engineer
876,PHARACIST,Pharmacist
877,ARCHITECT,Architect
878,dentists,Dentist
879,lawYEr,Lawyer
880,DOCTAR,Doctor
881,tEaCheR,Teacher
882,enginaear,Engineer
883,dentits,Dentist
884,teacheR,Teacher
885,deentist,Dentist
886,enginiir,Engineer
887,arcitect,Architect
888,engeenerr,Engineer
889,TEAcher,Teacher
890,pOlICe,Police
891,teAcHER,Teacher
892,denetist,Dentist
893,enginee,Engineer
894,doctro,Doctor
895,tEACHer,Teacher
896,acCountant,Accountant
897,DOCTER,Doctor
898,enjeeneear,Engineer
899,enjeener,Engineer
900,docter,Doctor
901,TEacHER,Teacher
902,ENGINNEER,Engineer
903,dentiists,Dentist
904,TEAcheR,Teacher
905,DAKTOR,Doctor
906,nusve,Nurse
907,lAWYe,Lawyer
908,archetect,Teacher
909,enjineear,Engineer
910,enjeineer,Engineer
911,lAwyeR,Lawyer
912,DENTISS,Dentist
913,nurxe,Nurse
914,nuerse,Nurse
915,acCOUntaNT,Accountant
916,DEINTIST,Dentist
917,DOCTEER,Teacher
918,enganeir,Engineer
919,AcCoUNTant,Accountant
920,tEAcHer,Teacher
921,Teacher,Teacher
922,dOcTaR,Doctor
923,LAWyRE,Lawyer
924,DENSTIST,Dentist
925,DOKTER,Doctor
926,ARCHITECCT,Architect
927,nurxe,Nurse
928,enjeineer,Engineer
929,architecct,Architect
930,DENIST,Dentist
931,ARCHITICT,Architect
932,DOCTR,Doctor
933,DACTIR,Architect
934,ACCOUNTaNt,Accountant
935,DOCTRO,Doctor
936,enjeenearr,Engineer
937,tEAChEr,Teacher
938,dentists,Dentist
939,engineerr,Engineer
940,TeAchEr,Teacher
941,DETNIST,Dentist
942,enjiner,Engineer
943,doctaor,Doctor
944,Engneir,Engineer
945,Engenner,Engineer
946,dentissts,Dentist
947,PHARACISTS,Pharmacist
948,TEACHer,Teacher
949,TeAcHER,Teacher
950,architict,Architect
951,Enginere,Engineer
952,DAOKTOR,Doctor
953,TEAcHEr,Teacher
954,DENTSS,Dentist
955,pOlICe,Police
956,DOCTORE,Doctor
957,Engenear,Engineer
958,POlIcE,Police
959,dentists,Dentist
960,TeAChEr,Teacher
961,dentist,Dentist
962,pOLICE,Police
963,lawYEER,Lawyer
964,teAChEr,Teacher
965,enjineerr,Engineer
966,TeaCHer,Teacher
967,teACHEr,Teacher
968,DocHtoR,Doctor
969,DEITIST,Dentist
970,pOLICe,Police
971,dentisits,Dentist
972,doctoer,Doctor
973,dentitsst,Dentist
974,enjneearr,Engineer
975,teacheR,Teacher
976,DENTSTIST,Dentist
977,PoLIcE,Police
978,tEACHer,Teacher
979,TEacHER,Teacher
980,ENGINER,Engineer
981,ENGINER,Engineer
982,enjeeneir,Engineer
983,nurpe,Nurse
984,tEACHEr,Teacher
985,pOlICE,Police
986,TeAcHeR,Teacher
987,PoLICE,Police
988,nusrse,Nurse
989,pOlICE,Police
990,engneear,Engineer
991,TEAcHEr,Teacher
992,destist,Dentist
993,pOlICE,Police
994,DOCTERS,Doctor
995,PoLiCE,Police
996,tEAcHEr,Teacher
997,pharmaceist,Pharmacist
998,laWYRE,Lawyer
999,nurwe,Nurse
1000,doctuor,Doctor
1001,PHARIMCIST,Pharmacist
1002,nurve,Nurse
1003,dentistt,Dentist
1004,dentit,Dentist
1005,Enginneer,Engineer
1006,tEacher,Teacher
1007,PoLiCE,Police
1008,doctro,Doctor
1009,teAcHeR,Teacher
1010,teAChER,Teacher
1011,Engoneeer,Engineer
1012,DacTeR,Teacher
1013,dentss,Dentist
1014,Engeineer,Engineer
1015,ingineer,Engineer
1016,Enganir,Engineer
1017,tEACHEr,Teacher
1018,architact,Architect
1019,tEACHEr,Teacher
1020,DOCTEER,Teacher
1021,DOCTAR,Doctor
1022,PolICE,Police
1023,TEACHEr,Teacher
1024,nurxe,Nurse
1025,densit,Dentist
1026,accOUNtanT,Accountant
1027,enjeineaar,Engineer
1028,DoCToRE,Doctor
1029,DENTIZT,Dentist
1030,nurle,Nurse
1031,nusze,Nurse
1032,architett,Architect
1033,ENGINNEER,Engineer
1034,pharamcists,Pharmacist
1035,DOCTORR,Doctor
1036,DOCTORR,Doctor
1037,pOlICe,Police
1038,DACTUR,Architect
1039,TEaCheR,Teacher
1040,TEacHEr,Teacher
1041,doctuar,Doctor
1042,PHRAMCIST,Pharmacist
1043,enginieer,Engineer
1044,dactir,Architect
1045,engeinearr,Engineer
1046,Engunnir,Engineer
1047,DENTISST,Dentist
1048,engeineer,Engineer
1049,ARCHITACT,Architect
1050,DOCTARA,Accountant
1051,nurxe,Nurse
1052,enjeenir,Engineer
1053,architekt,Architect
1054,Engienear,Engineer
1055,PoLICE,Police
1056,DENTISTT,Dentist
1057,engeeneer,Engineer
1058,TEaCHEr,Teacher
1059,DACTAR,Pharmacist
1060,enjineeeaar,Engineer
1061,enjineeear,Engineer
1062,doKTeeR,Teacher
1063,nurxe,Nurse
1064,DEENTIST,Dentist
1065,DACTIR,Architect
1066,LAWYeR,Lawyer
1067,DENISTS,Dentist
1068,dentists,Dentist
1069,poLIcE,Police
1070,enjniear,Engineer
1071,AcCOUNTAnT,Accountant
1072,PoLIcE,Police
1073,enginneir,Engineer
1074,doctur,Doctor
1075,PoliCE,Police
1076,acCOUntANT,Accountant
1077,DOktuR,Doctor
1078,engenerr,Engineer
1079,PoliCe,Police
1080,dentiist,Dentist
1081,Engennier,Engineer
1082,engeenear,Engineer
1083,dentists,Dentist
1084,pOLICe,Police
1085,PHARMACEIST,Pharmacist
1086,enjineeer,Engineer
1087,denstist,Dentist
1088,engineear,Engineer
1089,TEaCHEr,Teacher
1090,LAWYE,Lawyer
1091,pharmacist,Pharmacist
1092,teACHEr,Teacher
1093,ENGINNEER,Engineer
1094,TEachER,Teacher
1095,pharacist,Pharmacist
1096,daktor,Doctor
1097,dentss,Dentist
1098,Engenier,Engineer
1099,LAWYr,Lawyer
1100,nurxe,Nurse
1101,docteor,Doctor
1102,enjeenerr,Engineer
1103,ARCITECT,Architect
1104,enjeeneer,Engineer
1105,docture,Doctor
1106,doktaer,Doctor
1107,dentism,Dentist
1108,nirs,Nurse
1109,nurce,Nurse
1110,Enginnier,Engineer
1111,enjeineerr,Engineer
1112,pOlIcE,Police
1113,DENSTISTS,Dentist
1114,ENGINER,Engineer
1115,TeaCheR,Teacher
1116,pOlIcE,Police
1117,PolICE,Police
1118,nurrs,Nurse
1119,PHRAMACIST,Pharmacist
1120,DOCTA,Doctor
1121,DOCKTOR,Doctor
1122,arkhiteckt,Architect
1123,TeacHEr,Teacher
1124,architekt,Architect
1125,DOCTORE,Doctor
1126,enganiar,Engineer
1127,LawyEr,Lawyer
1128,denitist,Dentist
1129,POLicE,Police
1130,POlICE,Police
1131,dentiss,Dentist
1132,TEaCheR,Teacher
1133,engeineer,Engineer
1134,pOlICE,Police
1135,engeneaar,Engineer
1136,denisst,Dentist
1137,nurxe,Nurse
1138,dentists,Dentist
1139,doktoer,Doctor
1140,DOKCUTER,Doctor
1141,DENTISTA,Dentist
1142,enginear,Engineer
1143,dactir,Architect
1144,TEAcHEr,Teacher
1145,teAchEr,Teacher
1146,engeinear,Engineer
1147,Enginier,Engineer
1148,engieaar,Engineer
1149,engeneear,Engineer
1150,DOCTEOR,Doctor
1151,Enginnear,Engineer
1152,DENTISIT,Dentist
1153,enjneer,Engineer
1154,DENTIIST,Dentist
1155,engeenear,Engineer
1156,TeAcHEr,Teacher
1157,lawyeR,Lawyer
1158,DOKCTAR,Doctor
1159,TEaCHEr,Teacher
1160,docktor,Doctor
1161,doctar,Doctor
1162,PoLICe,Police
1163,TeACHeR,Teacher
1164,enjeeneaar,Engineer
1165,dentists,Dentist
1166,dOCToER,Doctor
1167,engeenearr,Engineer
1168,engeenieer,Engineer
1169,pOLiCE,Police
1170,teaCher,Teacher
1171,pOLICE,Police
1172,LAWyeR,Lawyer
1173,enjinear,Engineer
1174,TEACHEr,Teacher
1175,dentsists,Dentist
1176,TEACHer,Teacher
1177,DOCTOOR,Doctor
1178,lAwyeR,Lawyer
1179,TeacHer,Teacher
1180,PHARMASIST,Pharmacist
1181,arkitikt,Architect
1182,engeeneer,Engineer
1183,detnists,Dentist
1184,enjeaniar,Engineer
1185,dentst,Dentist
1186,LAwyer,Lawyer
1187,enjeineear,Engineer
1188,enjeeneaar,Engineer
1189,nurze,Nurse
1190,TeacheR,Teacher
1191,DoCTr,Doctor
1192,TEAcHER,Teacher
1193,nursee,Nurse
1194,tEACHER,Teacher
1195,engunnir,Engineer
1196,TeAcher,Teacher
1197,ENGINNER,Engineer
1198,DENTTISTS,Dentist
1199,PHARMACCIST,Pharmacist
1200,enjeineaar,Engineer
1201,TEACHer,Teacher
1202,doctorr,Doctor
1203,enjniear,Engineer
1204,DOctAr,Doctor
1205,pOLiCe,Police
1206,daktir,Pharmacist
1207,TEACHeR,Teacher
1208,Engiinear,Engineer
1209,enjineir,Engineer
1210,nurxe,Nurse
1211,doktr,Doctor
1212,engoneer,Engineer
1213,poliCE,Police
1214,denatist,Dentist
1215,lAWYER,Lawyer
1216,daktor,Doctor
1217,ENGINNEER,Engineer
1218,tEACHer,Teacher
1219,ARCHATECT,Architect
1220,ners,Nurse
1221,TeACHEr,Teacher
1222,engennir,Engineer
1223,Engniir,Engineer
1224,poLIcE,Police
1225,arckitect,Architect
1226,PoLiCE,Police
1227,PoLiCE,Police
1228,engeenear,Engineer
1229,DENTIST,Dentist
1230,DENETIST,Dentist
1231,polICE,Police
1232,docteor,Doctor
1233,nusse,Nurse
1234,nurxe,Nurse
1235,doctir,Doctor
1236,lAWYE,Lawyer
1237,nurxe,Nurse
1238,dokctar,Doctor
1239,pOLicE,Police
1240,enjinear,Engineer
1241,PoLICE,Police
1242,DOKTR,Doctor
1243,enjeineaar,Engineer
1244,enguneer,Engineer
1245,Engenir,Engineer
1246,enjinearr,Engineer
1247,DACTAR,Pharmacist
1248,daoktor,Doctor
1249,doctur,Doctor
1250,POliCe,Police
1251,ARKHITECT,Architect
1252,nuerse,Nurse
1253,ARKHITEKT,Architect
1254,dactir,Architect
1255,engniear,Engineer
1256,doctiar,Doctor
1257,enjeneir,Engineer
1258,nurbe,Nurse
1259,enjinearr,Engineer
1260,enjeenirr,Engineer
1261,Engoneer,Engineer
1262,engieneaar,Engineer
1263,dentists,Dentist
1264,DOCTUOR,Doctor
1265,DENITSS,Dentist
1266,enginirr,Engineer
1267,dentiss,Dentist
1268,ENGINNEER,Engineer
1269,ingenear,Engineer
1270,enginieer,Engineer
1271,ACCOUNTANTt,Accountant
1272,lAWYRE,Lawyer
1273,arkhitekt,Architect
1274,TEACHEr,Teacher
1275,tEACHer,Teacher
1276,ACCOUNtanT,Accountant
1277,doktorr,Doctor
1278,POlIcE,Police
1279,enjneear,Engineer
1280,lAWYEr,Lawyer
1281,docter,Doctor
1282,pOlIcE,Police
1283,ENGNEER,Engineer
1284,dentists,Dentist
1285,arckitekt,Architect
1286,POLiCE,Police
1287,ENGINNEER,Engineer
1288,nurze,Nurse
1289,acCOUNTanT,Accountant
1290,engeneer,Engineer
1291,TeaCHer,Teacher
1292,doctorr,Doctor
1293,dentists,Dentist
1294,ENGINNEER,Engineer
1295,DENTISSTS,Dentist
1296,polICE,Police
1297,DOKATAR,Doctor
1298,DOKCTUR,Doctor
1299,TEACHeR,Teacher
1300,DOCKTOR,Doctor
1301,enjuniir,Engineer
1302,teACHeR,Teacher
1303,archtikt,Architect
1304,DOCTUoR,Doctor
1305,tEaCHEr,Teacher
1306,DENTITS,Dentist
1307,architect,Architect
1308,POLiCE,Police
1309,teACHEr,Teacher
1310,TeACHEr,Teacher
1311,doctir,Doctor
1312,PoLiCE,Police
1313,DOcTeOR,Doctor
1314,Engneer,Engineer
1315,dOcTo,Doctor
1316,nusze,Nurse
1317,nusqe,Nurse
1318,denitsts,Dentist
1319,TeaCHEr,Teacher
1320,denttists,Dentist
1321,enggineear,Engineer
1322,nuzse,Nurse
1323,docter,Doctor
1324,dentists,Dentist
1325,dokcotor,Doctor
1326,tEACHER,Teacher
1327,ENJINEER,Engineer
1328,dentists,Dentist
1329,POlICe,Police
1330,poLIcE,Police
1331,engeenirr,Engineer
1332,LAWYERr,Lawyer
1333,teaCheR,Teacher
1334,teACHEr,Teacher
1335,enganeear,Engineer
1336,docteer,Teacher
1337,DOCTIR,Doctor
1338,PoLiCE,Police
1339,dentis,Dentist
1340,PHARAMCIST,Pharmacist
1341,teaCHEr,Teacher
1342,ENGINNEER,Engineer
1343,engenir,Engineer
1344,POliCE,Police
1345,denttists,Dentist
1346,DAKTOR,Doctor
1347,doktor,Doctor
1348,DENTISM,Dentist
1349,doctar,Doctor
1350,docte,Doctor
1351,pOlICE,Police
1352,Engeneear,Engineer
1353,engeinir,Engineer
1354,DOKTAAR,Doctor
1355,dedntist,Dentist
1356,DOCTIAR,Doctor
1357,TEaChEr,Teacher
1358,ENGINER,Engineer
1359,dentists,Dentist
1360,TEACher,Teacher
1361,Enginiear,Engineer
1362,DOKTOR,Doctor
1363,engeanir,Engineer
1364,dokatar,Doctor
1365,TEAcHeR,Teacher
1366,Enjneer,Engineer
1367,docters,Doctor
1368,dokcutor,Doctor
1369,enjineer,Engineer
1370,tEaCHer,Teacher
1371,engenir,Engineer
1372,DOKCTAR,Doctor
1373,PoLicE,Police
1374,TeaCHeR,Teacher
1375,teACHer,Teacher
1376,dentists,Dentist
1377,PolICE,Police
1378,dentists,Dentist
1379,teAchEr,Teacher
1380,pOlICE,Police
1381,denttists,Dentist
1382,DOCTER,Doctor
1383,PHARAMACISTS,Pharmacist
1384,POLiCE,Police
1385,TEAcHEr,Teacher
1386,nurfe,Nurse
1387,nurss,Nurse
1388,Engieneer,Engineer
1389,pharmaicist,Pharmacist
1390,PoLIcE,Police
1391,engiinear,Engineer
1392,lAWYE,Lawyer
1393,phamracist,Pharmacist
1394,denitist,Dentist
1395,nusre,Nurse
1396,pOlICE,Police
1397,TeaCHer,Teacher
1398,nurde,Nurse
1399,nurte,Nurse
1400,dentists,Dentist
1401,enginir,Engineer
1402,aCcountANT,Accountant
1403,accountant,Accountant
1404,POlIcE,Police
1405,enjineer,Engineer
